날짜,국고채_3년물(%),국고채_10년물(%),한국은행_기준금리(%),비고
2025-12-30,2.952,3.385,2.50,2025년 마지막 거래일
2026-01-30,3.138,3.607,2.50,1월 말 (2월 말 값과 전월 대비 변동폭으로 역산)
2026-02-27,3.041,3.446,2.50,2월 말
2026-03-31,3.552,3.879,2.50,3월 말 (10년물은 4월 말 값과 변동폭으로 역산) · 중동 충돌 격화
2026-04-30,3.595,3.923,2.50,4월 말
2026-05-29,3.731,4.068,2.50,5월 말
2026-06-30,3.703,4.091,2.50,6월 말
2026-07-31,3.758,4.261,2.75,7월 말 (3년물은 8월 말 값과 변동폭으로 역산) · 7/16 기준금리 인상
2026-08-31,3.838,4.313,3.00,8월 말 · 8/27 기준금리 인상
2026-09-11,4.011,4.542,3.00,3년물 34개월 만에 4% 돌파 · 10년물 연중 최고
2026-09-23,4.006,4.392,3.00,추석 연휴 전 마지막 거래일
